{
    "0": {
        "precision": 0.5128205128205128,
        "recall": 1.0,
        "f1-score": 0.6779661016949152,
        "support": 60.0
    },
    "1": {
        "precision": 0.9836065573770492,
        "recall": 1.0,
        "f1-score": 0.9917355371900827,
        "support": 60.0
    },
    "2": {
        "precision": 1.0,
        "recall": 0.03333333333333333,
        "f1-score": 0.06451612903225806,
        "support": 60.0
    },
    "accuracy": 0.6777777777777778,
    "macro avg": {
        "precision": 0.8321423567325207,
        "recall": 0.6777777777777777,
        "f1-score": 0.578072589305752,
        "support": 180.0
    },
    "weighted avg": {
        "precision": 0.8321423567325206,
        "recall": 0.6777777777777778,
        "f1-score": 0.578072589305752,
        "support": 180.0
    }
}