{
    "0": {
        "precision": 0.5405405405405406,
        "recall": 1.0,
        "f1-score": 0.7017543859649122,
        "support": 60.0
    },
    "1": {
        "precision": 0.8695652173913043,
        "recall": 1.0,
        "f1-score": 0.9302325581395349,
        "support": 60.0
    },
    "2": {
        "precision": 0.0,
        "recall": 0.0,
        "f1-score": 0.0,
        "support": 60.0
    },
    "accuracy": 0.6666666666666666,
    "macro avg": {
        "precision": 0.47003525264394835,
        "recall": 0.6666666666666666,
        "f1-score": 0.5439956480348157,
        "support": 180.0
    },
    "weighted avg": {
        "precision": 0.47003525264394835,
        "recall": 0.6666666666666666,
        "f1-score": 0.5439956480348157,
        "support": 180.0
    }
}