{
    "0": {
        "precision": 0.5042016806722689,
        "recall": 1.0,
        "f1-score": 0.6703910614525139,
        "support": 60.0
    },
    "1": {
        "precision": 0.9836065573770492,
        "recall": 1.0,
        "f1-score": 0.9917355371900827,
        "support": 60.0
    },
    "2": {
        "precision": 0.0,
        "recall": 0.0,
        "f1-score": 0.0,
        "support": 60.0
    },
    "accuracy": 0.6666666666666666,
    "macro avg": {
        "precision": 0.4959360793497727,
        "recall": 0.6666666666666666,
        "f1-score": 0.5540421995475322,
        "support": 180.0
    },
    "weighted avg": {
        "precision": 0.4959360793497727,
        "recall": 0.6666666666666666,
        "f1-score": 0.5540421995475322,
        "support": 180.0
    }
}